side,signal_time,entry_time,exit_time,spot_entry,spot_stop,spot_exit,reason,points,risk_pts,r,structure,strike,expiry,iv,rolls,prem_in,prem_out,pnl_pts,pnl_rs,debit
SHORT,2026-06-05 13:15:00+05:30,2026-06-05 13:30:00+05:30,2026-06-05 14:30:00+05:30,23310.5,23360.8,23360.8,SL,-50.3,50.3,-1.0,naked_put_buy,23300,2026-06-11 15:30:00+05:30,0.1445,0,156.05,133.38,-25.57,-1918.0,True
SHORT,2026-06-05 13:15:00+05:30,2026-06-05 13:30:00+05:30,2026-06-05 14:30:00+05:30,23310.5,23360.8,23360.8,SL,-50.3,50.3,-1.0,naked_call_sell,23300,2026-06-11 15:30:00+05:30,0.1445,0,-191.78,-219.23,-31.56,-2367.0,False
SHORT,2026-06-05 13:15:00+05:30,2026-06-05 13:30:00+05:30,2026-06-05 14:30:00+05:30,23310.5,23360.8,23360.8,SL,-50.3,50.3,-1.0,bear_call_spread,23300,2026-06-11 15:30:00+05:30,0.1445,0,-87.57,-96.62,-10.89,-817.0,False
SHORT,2026-06-05 13:15:00+05:30,2026-06-05 13:30:00+05:30,2026-06-05 14:30:00+05:30,23310.5,23360.8,23360.8,SL,-50.3,50.3,-1.0,bear_put_spread,23300,2026-06-11 15:30:00+05:30,0.1445,0,76.26,67.63,-10.07,-756.0,True
LONG,2026-06-09 14:30:00+05:30,2026-06-09 14:45:00+05:30,2026-06-10 14:30:00+05:30,23260.5,23203.0,23261.6,ST_FLIP,1.1,57.5,0.019,naked_call_buy,23250,2026-06-11 15:30:00+05:30,0.1398,0,106.47,67.03,-41.18,-3088.0,True
LONG,2026-06-09 14:30:00+05:30,2026-06-09 14:45:00+05:30,2026-06-10 14:30:00+05:30,23260.5,23203.0,23261.6,ST_FLIP,1.1,57.5,0.019,naked_put_sell,23250,2026-06-11 15:30:00+05:30,0.1398,0,-87.56,-51.11,35.06,2629.0,False
LONG,2026-06-09 14:30:00+05:30,2026-06-09 14:45:00+05:30,2026-06-10 14:30:00+05:30,23260.5,23203.0,23261.6,ST_FLIP,1.1,57.5,0.019,bull_call_spread,23250,2026-06-11 15:30:00+05:30,0.1398,0,74.17,59.47,-16.04,-1203.0,True
LONG,2026-06-09 14:30:00+05:30,2026-06-09 14:45:00+05:30,2026-06-10 14:30:00+05:30,23260.5,23203.0,23261.6,ST_FLIP,1.1,57.5,0.019,bull_put_spread,23250,2026-06-11 15:30:00+05:30,0.1398,0,-63.6,-46.54,15.96,1197.0,False
LONG,2026-06-11 11:45:00+05:30,2026-06-11 12:00:00+05:30,2026-06-11 13:15:00+05:30,23291.25,23251.05,23251.05,SL,-40.2,40.2,-1.0,naked_call_buy,23300,2026-06-11 15:30:00+05:30,0.1185,0,18.18,3.04,-15.35,-1151.0,True
LONG,2026-06-11 11:45:00+05:30,2026-06-11 12:00:00+05:30,2026-06-11 13:15:00+05:30,23291.25,23251.05,23251.05,SL,-40.2,40.2,-1.0,naked_put_sell,23300,2026-06-11 15:30:00+05:30,0.1185,0,-26.32,-51.6,-26.06,-1954.0,False
LONG,2026-06-11 11:45:00+05:30,2026-06-11 12:00:00+05:30,2026-06-11 13:15:00+05:30,23291.25,23251.05,23251.05,SL,-40.2,40.2,-1.0,bull_call_spread,23300,2026-06-11 15:30:00+05:30,0.1185,0,18.18,3.04,-15.35,-1151.0,True
LONG,2026-06-11 11:45:00+05:30,2026-06-11 12:00:00+05:30,2026-06-11 13:15:00+05:30,23291.25,23251.05,23251.05,SL,-40.2,40.2,-1.0,bull_put_spread,23300,2026-06-11 15:30:00+05:30,0.1185,0,-26.32,-51.6,-26.06,-1954.0,False
SHORT,2026-06-11 14:45:00+05:30,2026-06-11 15:00:00+05:30,2026-06-12 09:15:00+05:30,23162.5,23209.6,23420.7,SL,-258.2,47.1,-5.482,naked_put_buy,23150,2026-06-11 15:30:00+05:30,0.1185,1,3.46,70.79,-78.99,-5924.0,True
SHORT,2026-06-11 14:45:00+05:30,2026-06-11 15:00:00+05:30,2026-06-12 09:15:00+05:30,23162.5,23209.6,23420.7,SL,-258.2,47.1,-5.482,naked_call_sell,23150,2026-06-11 15:30:00+05:30,0.1185,1,-16.04,-317.34,-183.55,-13766.0,False
SHORT,2026-06-11 14:45:00+05:30,2026-06-11 15:00:00+05:30,2026-06-12 09:15:00+05:30,23162.5,23209.6,23420.7,SL,-258.2,47.1,-5.482,bear_call_spread,23150,2026-06-11 15:30:00+05:30,0.1185,1,-16.04,-126.5,-67.67,-5075.0,False
SHORT,2026-06-11 14:45:00+05:30,2026-06-11 15:00:00+05:30,2026-06-12 09:15:00+05:30,23162.5,23209.6,23420.7,SL,-258.2,47.1,-5.482,bear_put_spread,23150,2026-06-11 15:30:00+05:30,0.1185,1,3.46,41.23,-40.34,-3026.0,True
SHORT,2026-06-19 09:15:00+05:30,2026-06-19 09:30:00+05:30,2026-06-19 10:00:00+05:30,23940.45,23991.2,23991.2,SL,-50.75,50.75,-1.0,naked_put_buy,23950,2026-06-25 15:30:00+05:30,0.147,0,175.28,151.7,-26.85,-2014.0,True
SHORT,2026-06-19 09:15:00+05:30,2026-06-19 09:30:00+05:30,2026-06-19 10:00:00+05:30,23940.45,23991.2,23991.2,SL,-50.75,50.75,-1.0,naked_call_sell,23950,2026-06-25 15:30:00+05:30,0.147,0,-192.38,-219.45,-31.2,-2340.0,False
SHORT,2026-06-19 09:15:00+05:30,2026-06-19 09:30:00+05:30,2026-06-19 10:00:00+05:30,23940.45,23991.2,23991.2,SL,-50.75,50.75,-1.0,bear_call_spread,23950,2026-06-25 15:30:00+05:30,0.147,0,-85.04,-93.64,-10.39,-779.0,False
SHORT,2026-06-19 09:15:00+05:30,2026-06-19 09:30:00+05:30,2026-06-19 10:00:00+05:30,23940.45,23991.2,23991.2,SL,-50.75,50.75,-1.0,bear_put_spread,23950,2026-06-25 15:30:00+05:30,0.147,0,80.7,72.34,-9.88,-741.0,True
LONG,2026-06-19 15:00:00+05:30,2026-06-19 15:15:00+05:30,2026-06-23 11:45:00+05:30,24042.4,23904.45,23982.65,ST_FLIP,-59.75,137.95,-0.433,naked_call_buy,24050,2026-06-25 15:30:00+05:30,0.147,0,190.12,80.74,-112.09,-8407.0,True
LONG,2026-06-19 15:00:00+05:30,2026-06-19 15:15:00+05:30,2026-06-23 11:45:00+05:30,24042.4,23904.45,23982.65,ST_FLIP,-59.75,137.95,-0.433,naked_put_sell,24050,2026-06-25 15:30:00+05:30,0.147,0,-171.99,-138.85,30.03,2252.0,False
LONG,2026-06-19 15:00:00+05:30,2026-06-19 15:15:00+05:30,2026-06-23 11:45:00+05:30,24042.4,23904.45,23982.65,ST_FLIP,-59.75,137.95,-0.433,bull_call_spread,24050,2026-06-25 15:30:00+05:30,0.147,0,85.02,56.26,-30.17,-2263.0,True
LONG,2026-06-19 15:00:00+05:30,2026-06-19 15:15:00+05:30,2026-06-23 11:45:00+05:30,24042.4,23904.45,23982.65,ST_FLIP,-59.75,137.95,-0.433,bull_put_spread,24050,2026-06-25 15:30:00+05:30,0.147,0,-80.21,-88.27,-9.74,-730.0,False
LONG,2026-06-24 10:15:00+05:30,2026-06-24 11:00:00+05:30,2026-06-25 14:00:00+05:30,23970.1,23910.9,24138.65,ST_FLIP,168.55,59.2,2.847,naked_call_buy,23950,2026-06-25 15:30:00+05:30,0.1485,0,94.17,188.92,91.92,6894.0,True
LONG,2026-06-24 10:15:00+05:30,2026-06-24 11:00:00+05:30,2026-06-25 14:00:00+05:30,23970.1,23910.9,24138.65,ST_FLIP,168.55,59.2,2.847,naked_put_sell,23950,2026-06-25 15:30:00+05:30,0.1485,0,-69.01,-0.0,68.32,5124.0,False
LONG,2026-06-24 10:15:00+05:30,2026-06-24 11:00:00+05:30,2026-06-25 14:00:00+05:30,23970.1,23910.9,24138.65,ST_FLIP,168.55,59.2,2.847,bull_call_spread,23950,2026-06-25 15:30:00+05:30,0.1485,0,72.07,175.21,100.67,7550.0,True
LONG,2026-06-24 10:15:00+05:30,2026-06-24 11:00:00+05:30,2026-06-25 14:00:00+05:30,23970.1,23910.9,24138.65,ST_FLIP,168.55,59.2,2.847,bull_put_spread,23950,2026-06-25 15:30:00+05:30,0.1485,0,-55.51,-0.0,54.96,4122.0,False
LONG,2026-07-01 11:00:00+05:30,2026-07-01 11:15:00+05:30,2026-07-03 14:15:00+05:30,24020.5,23975.2,24267.8,ST_FLIP,247.3,45.3,5.459,naked_call_buy,24000,2026-07-02 15:30:00+05:30,0.1328,1,85.71,247.9,120.0,9000.0,True
LONG,2026-07-01 11:00:00+05:30,2026-07-01 11:15:00+05:30,2026-07-03 14:15:00+05:30,24020.5,23975.2,24267.8,ST_FLIP,247.3,45.3,5.459,naked_put_sell,24000,2026-07-02 15:30:00+05:30,0.1328,1,-60.18,-104.09,107.96,8097.0,False
LONG,2026-07-01 11:00:00+05:30,2026-07-01 11:15:00+05:30,2026-07-03 14:15:00+05:30,24020.5,23975.2,24267.8,ST_FLIP,247.3,45.3,5.459,bull_call_spread,24000,2026-07-02 15:30:00+05:30,0.1328,1,69.36,107.52,111.74,8381.0,True
LONG,2026-07-01 11:00:00+05:30,2026-07-01 11:15:00+05:30,2026-07-03 14:15:00+05:30,24020.5,23975.2,24267.8,ST_FLIP,247.3,45.3,5.459,bull_put_spread,24000,2026-07-02 15:30:00+05:30,0.1328,1,-51.07,-56.66,67.37,5053.0,False
LONG,2026-07-06 09:15:00+05:30,2026-07-06 09:30:00+05:30,2026-07-07 15:00:00+05:30,24359.1,24290.05,24397.85,ST_FLIP,38.75,69.05,0.561,naked_call_buy,24350,2026-07-09 15:30:00+05:30,0.1339,0,134.7,120.47,-16.78,-1258.0,True
LONG,2026-07-06 09:15:00+05:30,2026-07-06 09:30:00+05:30,2026-07-07 15:00:00+05:30,24359.1,24290.05,24397.85,ST_FLIP,38.75,69.05,0.561,naked_put_sell,24350,2026-07-09 15:30:00+05:30,0.1339,0,-111.51,-63.86,45.9,3442.0,False
LONG,2026-07-06 09:15:00+05:30,2026-07-06 09:30:00+05:30,2026-07-07 15:00:00+05:30,24359.1,24290.05,24397.85,ST_FLIP,38.75,69.05,0.561,bull_call_spread,24350,2026-07-09 15:30:00+05:30,0.1339,0,80.16,84.81,3.0,225.0,True
LONG,2026-07-06 09:15:00+05:30,2026-07-06 09:30:00+05:30,2026-07-07 15:00:00+05:30,24359.1,24290.05,24397.85,ST_FLIP,38.75,69.05,0.561,bull_put_spread,24350,2026-07-09 15:30:00+05:30,0.1339,0,-69.76,-50.03,18.54,1390.0,False
LONG,2026-07-09 09:15:00+05:30,2026-07-09 09:30:00+05:30,2026-07-09 15:00:00+05:30,24038.05,23930.05,23930.05,SL,-108.0,108.0,-1.0,naked_call_buy,24050,2026-07-09 15:30:00+05:30,0.157,0,34.21,0.0,-34.55,-2591.0,True
LONG,2026-07-09 09:15:00+05:30,2026-07-09 09:30:00+05:30,2026-07-09 15:00:00+05:30,24038.05,23930.05,23930.05,SL,-108.0,108.0,-1.0,naked_put_sell,24050,2026-07-09 15:30:00+05:30,0.157,0,-45.09,-119.86,-76.42,-5732.0,False
LONG,2026-07-09 09:15:00+05:30,2026-07-09 09:30:00+05:30,2026-07-09 15:00:00+05:30,24038.05,23930.05,23930.05,SL,-108.0,108.0,-1.0,bull_call_spread,24050,2026-07-09 15:30:00+05:30,0.157,0,33.61,0.0,-33.95,-2546.0,True
LONG,2026-07-09 09:15:00+05:30,2026-07-09 09:30:00+05:30,2026-07-09 15:00:00+05:30,24038.05,23930.05,23930.05,SL,-108.0,108.0,-1.0,bull_put_spread,24050,2026-07-09 15:30:00+05:30,0.157,0,-44.06,-119.84,-77.42,-5806.0,False
LONG,2026-07-13 12:00:00+05:30,2026-07-13 12:15:00+05:30,2026-07-14 09:15:00+05:30,24195.1,24139.65,24092.75,SL,-102.35,55.45,-1.846,naked_call_buy,24200,2026-07-16 15:30:00+05:30,0.141,0,130.47,64.03,-68.39,-5129.0,True
LONG,2026-07-13 12:00:00+05:30,2026-07-13 12:15:00+05:30,2026-07-14 09:15:00+05:30,24195.1,24139.65,24092.75,SL,-102.35,55.45,-1.846,naked_put_sell,24200,2026-07-16 15:30:00+05:30,0.141,0,-121.87,-161.54,-42.51,-3188.0,False
LONG,2026-07-13 12:00:00+05:30,2026-07-13 12:15:00+05:30,2026-07-14 09:15:00+05:30,24195.1,24139.65,24092.75,SL,-102.35,55.45,-1.846,bull_call_spread,24200,2026-07-16 15:30:00+05:30,0.141,0,77.15,46.41,-31.98,-2398.0,True
LONG,2026-07-13 12:00:00+05:30,2026-07-13 12:15:00+05:30,2026-07-14 09:15:00+05:30,24195.1,24139.65,24092.75,SL,-102.35,55.45,-1.846,bull_put_spread,24200,2026-07-16 15:30:00+05:30,0.141,0,-73.93,-99.65,-27.45,-2059.0,False
SHORT,2026-07-14 09:30:00+05:30,2026-07-14 09:45:00+05:30,2026-07-15 09:15:00+05:30,24079.7,24147.35,24147.35,SL,-67.65,67.65,-1.0,naked_put_buy,24100,2026-07-16 15:30:00+05:30,0.1395,0,110.41,54.31,-57.74,-4330.0,True
SHORT,2026-07-14 09:30:00+05:30,2026-07-14 09:45:00+05:30,2026-07-15 09:15:00+05:30,24079.7,24147.35,24147.35,SL,-67.65,67.65,-1.0,naked_call_sell,24100,2026-07-16 15:30:00+05:30,0.1395,0,-99.72,-107.07,-9.42,-707.0,False
SHORT,2026-07-14 09:30:00+05:30,2026-07-14 09:45:00+05:30,2026-07-15 09:15:00+05:30,24079.7,24147.35,24147.35,SL,-67.65,67.65,-1.0,bear_call_spread,24100,2026-07-16 15:30:00+05:30,0.1395,0,-67.79,-81.41,-15.11,-1133.0,False
SHORT,2026-07-14 09:30:00+05:30,2026-07-14 09:45:00+05:30,2026-07-15 09:15:00+05:30,24079.7,24147.35,24147.35,SL,-67.65,67.65,-1.0,bear_put_spread,24100,2026-07-16 15:30:00+05:30,0.1395,0,74.35,45.47,-30.08,-2256.0,True
LONG,2026-07-17 09:15:00+05:30,2026-07-17 09:30:00+05:30,2026-07-20 09:15:00+05:30,24211.4,24100.9,24191.7,ST_FLIP,-19.7,110.5,-0.178,naked_call_buy,24200,2026-07-23 15:30:00+05:30,0.1432,0,200.6,131.9,-72.03,-5402.0,True
LONG,2026-07-17 09:15:00+05:30,2026-07-17 09:30:00+05:30,2026-07-20 09:15:00+05:30,24211.4,24100.9,24191.7,ST_FLIP,-19.7,110.5,-0.178,naked_put_sell,24200,2026-07-23 15:30:00+05:30,0.1432,0,-162.28,-126.15,33.25,2494.0,False
LONG,2026-07-17 09:15:00+05:30,2026-07-17 09:30:00+05:30,2026-07-20 09:15:00+05:30,24211.4,24100.9,24191.7,ST_FLIP,-19.7,110.5,-0.178,bull_call_spread,24200,2026-07-23 15:30:00+05:30,0.1432,0,88.48,76.94,-13.19,-989.0,True
LONG,2026-07-17 09:15:00+05:30,2026-07-17 09:30:00+05:30,2026-07-20 09:15:00+05:30,24211.4,24100.9,24191.7,ST_FLIP,-19.7,110.5,-0.178,bull_put_spread,24200,2026-07-23 15:30:00+05:30,0.1432,0,-76.79,-75.16,0.11,9.0,False
LONG,2026-07-24 12:15:00+05:30,2026-07-24 12:30:00+05:30,2026-08-04 11:45:00+05:30,23792.1,23701.35,24524.15,ST_FLIP,732.05,90.75,8.067,naked_call_buy,23800,2026-07-30 15:30:00+05:30,0.1345,1,174.55,268.6,375.65,28174.0,True
LONG,2026-07-24 12:15:00+05:30,2026-07-24 12:30:00+05:30,2026-08-04 11:45:00+05:30,23792.1,23701.35,24524.15,ST_FLIP,732.05,90.75,8.067,naked_put_sell,23800,2026-07-30 15:30:00+05:30,0.1345,1,-156.51,-35.12,294.4,22080.0,False
LONG,2026-07-24 12:15:00+05:30,2026-07-24 12:30:00+05:30,2026-08-04 11:45:00+05:30,23792.1,23701.35,24524.15,ST_FLIP,732.05,90.75,8.067,bull_call_spread,23800,2026-07-30 15:30:00+05:30,0.1345,1,83.77,134.1,158.22,11866.0,True
LONG,2026-07-24 12:15:00+05:30,2026-07-24 12:30:00+05:30,2026-08-04 11:45:00+05:30,23792.1,23701.35,24524.15,ST_FLIP,732.05,90.75,8.067,bull_put_spread,23800,2026-07-30 15:30:00+05:30,0.1345,1,-78.33,-26.41,129.82,9737.0,False
LONG,2026-08-04 15:15:00+05:30,2026-08-05 09:15:00+05:30,2026-08-05 13:30:00+05:30,24669.2,24463.45,24503.15,ST_FLIP,-166.05,205.75,-0.807,naked_call_buy,24650,2026-08-06 15:30:00+05:30,0.1242,0,84.86,18.15,-67.74,-5080.0,True
LONG,2026-08-04 15:15:00+05:30,2026-08-05 09:15:00+05:30,2026-08-05 13:30:00+05:30,24669.2,24463.45,24503.15,ST_FLIP,-166.05,205.75,-0.807,naked_put_sell,24650,2026-08-06 15:30:00+05:30,0.1242,0,-60.13,-160.25,-102.32,-7674.0,False
LONG,2026-08-04 15:15:00+05:30,2026-08-05 09:15:00+05:30,2026-08-05 13:30:00+05:30,24669.2,24463.45,24503.15,ST_FLIP,-166.05,205.75,-0.807,bull_call_spread,24650,2026-08-06 15:30:00+05:30,0.1242,0,68.9,16.91,-52.85,-3964.0,True
LONG,2026-08-04 15:15:00+05:30,2026-08-05 09:15:00+05:30,2026-08-05 13:30:00+05:30,24669.2,24463.45,24503.15,ST_FLIP,-166.05,205.75,-0.807,bull_put_spread,24650,2026-08-06 15:30:00+05:30,0.1242,0,-51.12,-119.1,-69.68,-5226.0,False
LONG,2026-08-05 15:15:00+05:30,2026-08-06 09:15:00+05:30,2026-08-07 09:15:00+05:30,24632.7,24570.2,24535.05,SL,-97.65,62.5,-1.562,naked_call_buy,24650,2026-08-06 15:30:00+05:30,0.1241,1,25.13,113.2,-92.37,-6928.0,True
LONG,2026-08-05 15:15:00+05:30,2026-08-06 09:15:00+05:30,2026-08-07 09:15:00+05:30,24632.7,24570.2,24535.05,SL,-97.65,62.5,-1.562,naked_put_sell,24650,2026-08-06 15:30:00+05:30,0.1241,1,-41.29,-200.68,-16.99,-1274.0,False
LONG,2026-08-05 15:15:00+05:30,2026-08-06 09:15:00+05:30,2026-08-07 09:15:00+05:30,24632.7,24570.2,24535.05,SL,-97.65,62.5,-1.562,bull_call_spread,24650,2026-08-06 15:30:00+05:30,0.1241,1,25.02,62.36,-48.21,-3616.0,True
LONG,2026-08-05 15:15:00+05:30,2026-08-06 09:15:00+05:30,2026-08-07 09:15:00+05:30,24632.7,24570.2,24535.05,SL,-97.65,62.5,-1.562,bull_put_spread,24650,2026-08-06 15:30:00+05:30,0.1241,1,-40.95,-97.94,5.69,427.0,False
SHORT,2026-08-07 10:15:00+05:30,2026-08-07 10:30:00+05:30,2026-08-10 09:15:00+05:30,24562.95,24601.65,24601.65,SL,-38.7,38.7,-1.0,naked_put_buy,24550,2026-08-13 15:30:00+05:30,0.1191,0,132.92,80.5,-54.55,-4091.0,True
SHORT,2026-08-07 10:15:00+05:30,2026-08-07 10:30:00+05:30,2026-08-10 09:15:00+05:30,24562.95,24601.65,24601.65,SL,-38.7,38.7,-1.0,naked_call_sell,24550,2026-08-13 15:30:00+05:30,0.1191,0,-172.99,-146.4,23.4,1755.0,False
SHORT,2026-08-07 10:15:00+05:30,2026-08-07 10:30:00+05:30,2026-08-10 09:15:00+05:30,24562.95,24601.65,24601.65,SL,-38.7,38.7,-1.0,bear_call_spread,24550,2026-08-13 15:30:00+05:30,0.1191,0,-87.01,-89.96,-4.72,-354.0,False
SHORT,2026-08-07 10:15:00+05:30,2026-08-07 10:30:00+05:30,2026-08-10 09:15:00+05:30,24562.95,24601.65,24601.65,SL,-38.7,38.7,-1.0,bear_put_spread,24550,2026-08-13 15:30:00+05:30,0.1191,0,72.1,55.98,-17.4,-1305.0,True
LONG,2026-08-12 14:45:00+05:30,2026-08-12 15:15:00+05:30,2026-08-13 09:30:00+05:30,24384.9,24316.75,24316.75,SL,-68.15,68.15,-1.0,naked_call_buy,24400,2026-08-13 15:30:00+05:30,0.1176,0,54.98,5.23,-50.36,-3777.0,True
LONG,2026-08-12 14:45:00+05:30,2026-08-12 15:15:00+05:30,2026-08-13 09:30:00+05:30,24384.9,24316.75,24316.75,SL,-68.15,68.15,-1.0,naked_put_sell,24400,2026-08-13 15:30:00+05:30,0.1176,0,-65.69,-87.39,-23.23,-1742.0,False
LONG,2026-08-12 14:45:00+05:30,2026-08-12 15:15:00+05:30,2026-08-13 09:30:00+05:30,24384.9,24316.75,24316.75,SL,-68.15,68.15,-1.0,bull_call_spread,24400,2026-08-13 15:30:00+05:30,0.1176,0,49.31,5.23,-44.63,-3348.0,True
LONG,2026-08-12 14:45:00+05:30,2026-08-12 15:15:00+05:30,2026-08-13 09:30:00+05:30,24384.9,24316.75,24316.75,SL,-68.15,68.15,-1.0,bull_put_spread,24400,2026-08-13 15:30:00+05:30,0.1176,0,-58.24,-85.54,-28.74,-2155.0,False
SHORT,2026-08-17 09:15:00+05:30,2026-08-17 09:30:00+05:30,2026-08-17 12:45:00+05:30,24283.05,24357.6,24333.95,ST_FLIP,-50.9,74.55,-0.683,naked_put_buy,24300,2026-08-20 15:30:00+05:30,0.1093,0,101.35,76.01,-27.11,-2034.0,True
SHORT,2026-08-17 09:15:00+05:30,2026-08-17 09:30:00+05:30,2026-08-17 12:45:00+05:30,24283.05,24357.6,24333.95,ST_FLIP,-50.9,74.55,-0.683,naked_call_sell,24300,2026-08-20 15:30:00+05:30,0.1093,0,-98.46,-123.43,-27.19,-2039.0,False
SHORT,2026-08-17 09:15:00+05:30,2026-08-17 09:30:00+05:30,2026-08-17 12:45:00+05:30,24283.05,24357.6,24333.95,ST_FLIP,-50.9,74.55,-0.683,bear_call_spread,24300,2026-08-20 15:30:00+05:30,0.1093,0,-68.58,-83.13,-16.06,-1205.0,False
SHORT,2026-08-17 09:15:00+05:30,2026-08-17 09:30:00+05:30,2026-08-17 12:45:00+05:30,24283.05,24357.6,24333.95,ST_FLIP,-50.9,74.55,-0.683,bear_put_spread,24300,2026-08-20 15:30:00+05:30,0.1093,0,70.84,56.11,-16.0,-1200.0,True
SHORT,2026-08-18 09:15:00+05:30,2026-08-18 10:00:00+05:30,2026-08-20 09:15:00+05:30,24214.6,24269.5,24190.8,ST_FLIP,23.8,54.9,0.433,naked_put_buy,24200,2026-08-20 15:30:00+05:30,0.1113,0,72.45,31.85,-41.64,-3123.0,True
SHORT,2026-08-18 09:15:00+05:30,2026-08-18 10:00:00+05:30,2026-08-20 09:15:00+05:30,24214.6,24269.5,24190.8,ST_FLIP,23.8,54.9,0.433,naked_call_sell,24200,2026-08-20 15:30:00+05:30,0.1113,0,-96.66,-23.78,71.68,5376.0,False
SHORT,2026-08-18 09:15:00+05:30,2026-08-18 10:00:00+05:30,2026-08-20 09:15:00+05:30,24214.6,24269.5,24190.8,ST_FLIP,23.8,54.9,0.433,bear_call_spread,24200,2026-08-20 15:30:00+05:30,0.1113,0,-72.61,-23.75,47.89,3592.0,False
SHORT,2026-08-18 09:15:00+05:30,2026-08-18 10:00:00+05:30,2026-08-20 09:15:00+05:30,24214.6,24269.5,24190.8,ST_FLIP,23.8,54.9,0.433,bear_put_spread,24200,2026-08-20 15:30:00+05:30,0.1113,0,57.16,31.8,-26.25,-1969.0,True
SHORT,2026-08-24 11:00:00+05:30,2026-08-24 11:15:00+05:30,2026-08-24 15:15:00+05:30,24209.6,24255.0,24219.05,ST_FLIP,-9.45,45.4,-0.208,naked_put_buy,24200,2026-08-27 15:30:00+05:30,0.0986,0,77.65,71.4,-7.74,-581.0,True
SHORT,2026-08-24 11:00:00+05:30,2026-08-24 11:15:00+05:30,2026-08-24 15:15:00+05:30,24209.6,24255.0,24219.05,ST_FLIP,-9.45,45.4,-0.208,naked_call_sell,24200,2026-08-27 15:30:00+05:30,0.0986,0,-100.94,-103.42,-4.52,-339.0,False
SHORT,2026-08-24 11:00:00+05:30,2026-08-24 11:15:00+05:30,2026-08-24 15:15:00+05:30,24209.6,24255.0,24219.05,ST_FLIP,-9.45,45.4,-0.208,bear_call_spread,24200,2026-08-27 15:30:00+05:30,0.0986,0,-73.59,-75.91,-3.81,-286.0,False
SHORT,2026-08-24 11:00:00+05:30,2026-08-24 11:15:00+05:30,2026-08-24 15:15:00+05:30,24209.6,24255.0,24219.05,ST_FLIP,-9.45,45.4,-0.208,bear_put_spread,24200,2026-08-27 15:30:00+05:30,0.0986,0,59.41,55.82,-4.74,-356.0,True
SHORT,2026-08-25 09:45:00+05:30,2026-08-25 10:00:00+05:30,2026-08-25 10:45:00+05:30,24133.8,24166.1,24166.1,SL,-32.3,32.3,-1.0,naked_put_buy,24150,2026-08-27 15:30:00+05:30,0.1,0,78.64,62.72,-17.33,-1300.0,True
SHORT,2026-08-25 09:45:00+05:30,2026-08-25 10:00:00+05:30,2026-08-25 10:45:00+05:30,24133.8,24166.1,24166.1,SL,-32.3,32.3,-1.0,naked_call_sell,24150,2026-08-27 15:30:00+05:30,0.1,0,-72.02,-88.27,-17.85,-1339.0,False
SHORT,2026-08-25 09:45:00+05:30,2026-08-25 10:00:00+05:30,2026-08-25 10:45:00+05:30,24133.8,24166.1,24166.1,SL,-32.3,32.3,-1.0,bear_call_spread,24150,2026-08-27 15:30:00+05:30,0.1,0,-58.76,-70.25,-12.78,-959.0,False
SHORT,2026-08-25 09:45:00+05:30,2026-08-25 10:00:00+05:30,2026-08-25 10:45:00+05:30,24133.8,24166.1,24166.1,SL,-32.3,32.3,-1.0,bear_put_spread,24150,2026-08-27 15:30:00+05:30,0.1,0,63.81,52.41,-12.57,-943.0,True
LONG,2026-08-25 14:30:00+05:30,2026-08-25 14:45:00+05:30,2026-08-26 13:15:00+05:30,24215.6,24173.4,24265.45,ST_FLIP,49.85,42.2,1.181,naked_call_buy,24200,2026-08-27 15:30:00+05:30,0.1,0,84.89,91.81,5.15,386.0,True
LONG,2026-08-25 14:30:00+05:30,2026-08-25 14:45:00+05:30,2026-08-26 13:15:00+05:30,24215.6,24173.4,24265.45,ST_FLIP,49.85,42.2,1.181,naked_put_sell,24200,2026-08-27 15:30:00+05:30,0.1,0,-60.54,-21.65,38.07,2855.0,False
LONG,2026-08-25 14:30:00+05:30,2026-08-25 14:45:00+05:30,2026-08-26 13:15:00+05:30,24215.6,24173.4,24265.45,ST_FLIP,49.85,42.2,1.181,bull_call_spread,24200,2026-08-27 15:30:00+05:30,0.1,0,68.84,82.56,12.21,916.0,True
LONG,2026-08-25 14:30:00+05:30,2026-08-25 14:45:00+05:30,2026-08-26 13:15:00+05:30,24215.6,24173.4,24265.45,ST_FLIP,49.85,42.2,1.181,bull_put_spread,24200,2026-08-27 15:30:00+05:30,0.1,0,-51.38,-21.07,29.58,2219.0,False
